{"train_eval/loss": -907.2784940279447, "train_eval/rate": 2.579199719887513, "train_eval/distortion": 904.6992937397753, "train_eval/au": 100, "train_eval/au_var": {"_type": "histogram", "values": [2, 0, 3, 2, 4, 5, 8, 4, 5, 7, 10, 11, 7, 8, 2, 7, 1, 3, 2, 2, 1, 0, 1, 1, 1, 0, 0, 1, 1, 0, 0, 1], "bins": [0.011317601427435875, 0.012186323292553425, 0.01305504608899355, 0.0139237679541111, 0.014792490750551224, 0.01566121354699135, 0.016529934480786324, 0.017398657277226448, 0.018267380073666573, 0.019136101007461548, 0.020004823803901672, 0.020873546600341797, 0.02174226939678192, 0.022610990330576897, 0.02347971312701702, 0.024348435923457146, 0.02521715685725212, 0.026085879653692245, 0.02695460245013237, 0.027823325246572495, 0.02869204618036747, 0.029560768976807594, 0.03042949177324772, 0.031298212707042694, 0.03216693550348282, 0.03303565829992294, 0.03390438109636307, 0.03477310389280319, 0.03564182668924332, 0.03651054576039314, 0.03737926855683327, 0.03824799135327339, 0.039116714149713516]}, "_step": 3, "_runtime": 34, "_timestamp": 1662078550, "test/loss": -908.3308583007813, "test/rate": 2.6520522037506105, "test/distortion": 905.678811328125, "test/au": 100, "test/au_var": {"_type": "histogram", "values": [2, 0, 1, 4, 4, 5, 7, 8, 3, 8, 11, 12, 6, 5, 3, 6, 2, 4, 2, 0, 1, 1, 1, 0, 1, 1, 0, 1, 0, 0, 0, 1], "bins": [0.010959668084979057, 0.011887572705745697, 0.012815477326512337, 0.013743381947278976, 0.014671286568045616, 0.015599191188812256, 0.016527095809578896, 0.017455000430345535, 0.018382905051112175, 0.019310809671878815, 0.020238714292645454, 0.021166618913412094, 0.022094523534178734, 0.023022428154945374, 0.023950332775712013, 0.024878237396478653, 0.025806143879890442, 0.02673404850065708, 0.02766195312142372, 0.02858985774219036, 0.029517762362957, 0.03044566698372364, 0.03137357160449028, 0.03230147436261177, 0.03322938084602356, 0.03415728360414505, 0.03508519008755684, 0.03601309284567833, 0.03694099932909012, 0.03786890208721161, 0.0387968085706234, 0.03972471132874489, 0.04065261781215668]}, "train_step/loss": -740.6885242951222, "train_step/rate": 17.538183695230728, "train_step/distortion": 734.6378506391476, "beta": 0.345}