{"_runtime": 309.3665039539337, "kl/active_8": 20, "kl_vals/layer_4": 5.348453998565674, "kl_vals/layer_9": 24.576637268066406, "kl_vals/layer_11": 25.159379959106445, "kl_coeff/layer_14": 1.136046051979065, "kl_vals/layer_6": 45.65644836425781, "train/nelbo_iter": 58.84991455078125, "_step": 446, "train/bn_loss": 214.02818298339844, "kl_vals/layer_13": 36.4213752746582, "_timestamp": 1661930861.362542, "kl/active_2": 20, "kl/active_7": 20, "kl/active_13": 20, "kl/active_14": 20, "kl_vals/layer_10": 23.747514724731445, "kl_coeff/layer_10": 0.8991963267326355, "kl_coeff/layer_12": 1.0274674892425537, "kl_coeff/layer_7": 1.6805686950683594, "kl_coeff/layer_9": 0.9305777549743652, "kl/active_11": 20, "kl_vals/layer_5": 50.93333053588867, "kl_coeff/layer_2": 0.38181906938552856, "kl/active_0": 18, "kl/active_3": 20, "kl/active_4": 20, "generated_1.0": {"size": 7329, "_type": "image-file", "width": 128, "format": "png", "height": 128, "sha256": "b90d774c9e3f88dfc02ad8c666ef525fd1bac1a56c4df366058451dd9d3bdd9b", "path": "media/images/generated_1.0_301_b90d774c9e3f88dfc02a.png"}, "kl_vals/layer_1": 5.311593055725098, "kl_coeff/layer_11": 0.9526339173316956, "kl/active_6": 20, "kl/active_10": 20, "kl/total_active": 297, "kl_vals/layer_3": 5.365657806396484, "kl_coeff/layer_3": 0.4069257378578186, "kl_coeff/layer_4": 0.4056234359741211, "kl_coeff": 0.00536, "kl_vals/layer_8": 36.37117004394531, "kl_coeff/layer_5": 1.9281501770019531, "kl_vals/layer_14": 30.00528335571289, "kl/active_1": 19, "train/coeff": 0.009566666666666666, "kl_vals/layer_2": 5.0339884757995605, "train/norm_coeff": 0.01, "train/norm_loss": 366.1357421875, "kl_coeff/layer_8": 1.3769880533218384, "train/recon_iter": 48.3343505859375, "kl_coeff/layer_13": 1.3788881301879885, "kl/active_12": 20, "kl_vals/layer_0": 4.796688556671143, "kl_vals/layer_7": 44.39202880859375, "train/nelbo_avg": 141.2911834716797, "kl_coeff/layer_1": 0.40283313393592834, "kl_vals/layer_12": 27.136545181274418, "train/lr": 0.0019933333333333335, "kl/active_5": 20, "kl/active_9": 20, "train/kl_iter": 370.2560729980469, "kl_coeff/layer_0": 0.3638559579849243, "kl_coeff/layer_6": 1.7284257411956787}