{"train_eval/loss": 2841.2400580512153, "train_eval/rate": 0.0034393078725164137, "train_eval/distortion": 2841.236531575521, "train_eval/mi": 7.62732474009196, "train_eval/au": 0, "_timestamp": 1662154143.790578, "_runtime": 318.654100894928, "_step": 3, "test/loss": 2841.2384673695506, "test/rate": 0.0034415029739547106, "test/distortion": 2841.235029809269, "test/mi": 7.621859582853906, "test/au": 0, "train_step/loss": 120.45727984110515, "train_step/rate": -31.55978324678209, "train_step/distortion": 152.0170644124349, "beta": 0.4, "lr": 0.001}