{"train_eval/loss": 2841.2400118509927, "train_eval/rate": 0.003439307946488649, "train_eval/distortion": 2841.236565483941, "train_eval/mi": 4.854736273487409, "train_eval/au": 0, "_timestamp": 1662153048.355476, "_runtime": 753.8145258426666, "_step": 9, "test/loss": 2841.238471042963, "test/rate": 0.003441502968385459, "test/distortion": 2841.2350271719474, "test/mi": 4.849270865505124, "test/au": 0, "train_step/loss": 99.54869200123682, "train_step/rate": 17.485508402188618, "train_step/distortion": 82.06318357255724, "beta": 1.0, "lr": 0.001}