{"kl_coeff": 0.05032, "_timestamp": 1661931921.4298034, "_runtime": 934.960232257843, "_step": 1281, "train/norm_loss": 644.8544921875, "train/bn_loss": 211.37139892578125, "train/norm_coeff": 0.01, "train/nelbo_avg": 10373.5400390625, "train/lr": 0.009592, "train/nelbo_iter": 10249.0146484375, "train/kl_iter": 2293.81396484375, "train/recon_iter": 10097.3544921875, "train/coeff": 0.04756, "kl/active_0": 20, "kl_coeff/layer_0": 0.36953431367874146, "kl_vals/layer_0": 30.15767478942871, "kl/active_1": 20, "kl_coeff/layer_1": 0.3447784185409546, "kl_vals/layer_1": 28.136676788330078, "kl/active_2": 20, "kl_coeff/layer_2": 0.7330535650253296, "kl_vals/layer_2": 59.83429718017578, "kl/active_3": 20, "kl_coeff/layer_3": 0.2299540787935257, "kl_vals/layer_3": 18.76276206970215, "kl/active_4": 20, "kl_coeff/layer_4": 0.22312094271183014, "kl_vals/layer_4": 18.204925537109375, "kl/active_5": 20, "kl_coeff/layer_5": 0.9833341240882874, "kl_vals/layer_5": 160.54290771484375, "kl/active_6": 20, "kl_coeff/layer_6": 0.9834567308425903, "kl_vals/layer_6": 160.5629425048828, "kl/active_7": 20, "kl_coeff/layer_7": 1.3562508821487427, "kl_vals/layer_7": 221.43052673339844, "kl/active_8": 20, "kl_coeff/layer_8": 1.3534482717514038, "kl_vals/layer_8": 220.9729461669922, "kl/active_9": 20, "kl_coeff/layer_9": 1.1118254661560059, "kl_vals/layer_9": 181.522216796875, "kl/active_10": 20, "kl_coeff/layer_10": 1.0208370685577393, "kl_vals/layer_10": 166.66616821289062, "kl/active_11": 20, "kl_coeff/layer_11": 1.4864698648452759, "kl_vals/layer_11": 242.69190979003906, "kl/active_12": 20, "kl_coeff/layer_12": 1.2432926893234253, "kl_vals/layer_12": 202.9873809814453, "kl/active_13": 20, "kl_coeff/layer_13": 1.7379182577133179, "kl_vals/layer_13": 283.74688720703125, "kl/active_14": 20, "kl_coeff/layer_14": 1.8227250576019287, "kl_vals/layer_14": 297.5936279296875, "kl/total_active": 300, "generated_1.0": {"_type": "image-file", "sha256": "c0fcdd986a679a3f0507200d65d690291241ca477c5acb13d4a7aeeb76324d21", "size": 43123, "path": "media/images/generated_1.0_251_c0fcdd986a679a3f0507.png", "format": "png", "width": 128, "height": 128}, "eval/nelbo": 20280.318359375, "eval/neg_log_p": 20129.767578125, "eval/rate": 7708.5869140625, "eval/distortion": 12571.736328125, "epoch": 4, "train_nelbo": 10365.2265625, "val/neg_log_p": 20129.767578125, "val/nelbo": 20280.318359375, "val/bpd_log_p": 9.45348834991455, "val/bpd_elbo": 9.524190902709961, "reconstruction": {"_type": "image-file", "sha256": "939f4b295908ea318d8646f6044213c0dd403cad8babedab53ece7a41fccfe12", "size": 954589, "path": "media/images/reconstruction_1008_939f4b295908ea318d86.png", "format": "png", "width": 896, "height": 448}}