{"kl_coeff": 0.009587195902688861, "_timestamp": 1661932402.6006515, "_runtime": 453.8621745109558, "_step": 782, "train/norm_loss": 470.88818359375, "train/bn_loss": 215.08126831054688, "train/norm_coeff": 0.01, "train/nelbo_avg": 12959.697265625, "train/lr": 0.0017900128040973112, "train/nelbo_iter": 11410.9169921875, "train/kl_iter": 5242.8837890625, "train/recon_iter": 11317.2568359375, "train/coeff": 0.008550064020486555, "kl/active_0": 20, "kl_coeff/layer_0": 0.028146395459771156, "kl_vals/layer_0": 4.965085983276367, "kl/active_1": 20, "kl_coeff/layer_1": 0.07659595459699631, "kl_vals/layer_1": 13.528907775878906, "kl/active_2": 20, "kl_coeff/layer_2": 0.0783790722489357, "kl_vals/layer_2": 13.844088554382324, "kl/active_3": 20, "kl_coeff/layer_3": 0.07726463675498962, "kl_vals/layer_3": 13.647104263305664, "kl/active_4": 20, "kl_coeff/layer_4": 0.07731391489505768, "kl_vals/layer_4": 13.655813217163086, "kl/active_5": 20, "kl_coeff/layer_5": 0.9110701084136963, "kl_vals/layer_5": 322.0669250488281, "kl/active_6": 20, "kl_coeff/layer_6": 0.9681509137153625, "kl_vals/layer_6": 342.245849609375, "kl/active_7": 20, "kl_coeff/layer_7": 1.0077378749847412, "kl_vals/layer_7": 356.24041748046875, "kl/active_8": 20, "kl_coeff/layer_8": 0.9435272216796875, "kl_vals/layer_8": 333.541015625, "kl/active_9": 20, "kl_coeff/layer_9": 0.9111222624778748, "kl_vals/layer_9": 322.0853576660156, "kl/active_10": 20, "kl_coeff/layer_10": 1.0241435766220093, "kl_vals/layer_10": 362.04010009765625, "kl/active_11": 20, "kl_coeff/layer_11": 1.298859715461731, "kl_vals/layer_11": 459.1563720703125, "kl/active_12": 20, "kl_coeff/layer_12": 1.5927623510360718, "kl_vals/layer_12": 563.0553588867188, "kl/active_13": 20, "kl_coeff/layer_13": 2.331315040588379, "kl_vals/layer_13": 824.144775390625, "kl/active_14": 20, "kl_coeff/layer_14": 3.6736114025115967, "kl_vals/layer_14": 1298.6666259765625, "kl/total_active": 300, "generated_1.0": {"_type": "image-file", "sha256": "2878fd3d7415047f50d457023c36e8cabb2a8128772b2f02f2ad90f191afb0b9", "size": 38712, "path": "media/images/generated_1.0_782_2878fd3d7415047f50d4.png", "format": "png", "width": 128, "height": 128}}