{"train_eval/loss": 208.92882935613648, "train_eval/rate": 0.024958231218392694, "train_eval/distortion": 208.90387102002092, "train_eval/mi": 4.794198408425704, "train_eval/au": 0, "_timestamp": 1661868855.9794493, "_runtime": 301.7341103553772, "_step": 6, "test/loss": 207.7340260498047, "test/rate": 0.0250110754519701, "test/distortion": 207.70901708984374, "test/mi": 4.77067109375, "test/au": 0, "train_step/loss": 93.93558958656767, "train_step/rate": 21.58937435476189, "train_step/distortion": 72.34621551165893, "beta": 1.0, "lr": 0.0008000000000199999}